[{"id":"이재은","seats":["6set","N"],"phone":"01089483721","loginTime":["N","N"],"initialEndtime":["2024-01-08T07:02:31.862Z","N"],"logoutTime":["2024-01-11T10:34:36.401Z","N"],"remainedTime":[684783711,"N"],"product":["고정석-Room type-4day","N"],"time":["4일","N"],"price":["1100000","1100000"],"validity":["2024-01-10T07:36:48.822Z","N"]},{"id":"손원진","seats":["1set","N"],"phone":"01089483722","loginTime":["2024-01-20T13:08:44.970Z","N"],"logoutTIme":["2024-01-10T07:36:48.822Z","N"],"initialEndtime":["2024-01-31T05:36:59.569Z","2024-01-02T22:32:40+09:00"],"remainedTime":[296234758457,"N"],"product":["고정석-Room type-1day","N"],"time":["5시간","N"],"price":["1100000","65000"],"validity":["N","N"]},{"id":"오은재","seats":["N"],"phone":"01089483723","loginTime":["N"],"logoutTIme":["N"],"initialEndtime":[],"remainedTime":["N"],"product":["N"],"time":["N"],"price":[],"validity":["N"]},{"id":"이예지","seats":["N"],"phone":"01089483724","loginTime":["N"],"logoutTIme":["N"],"initialEndtime":["2024-01-10T07:37:04.819Z"],"remainedTime":["N"],"product":["N"],"time":["N"],"price":["1100000"],"validity":["N"]},{"id":"admin","seats":[],"phone":"N","loginTime":[],"logoutTIme":[],"initialEndtime":[],"calculatedValidity":[],"remainedTime":[],"product":[],"time":[],"price":[],"validity":[]}]