[
	{
		"product": "고정석-Room type-1day",
		"price": "1100000",
		"time": "1일",
		"validity": "30일"
	},
	{
		"product": "고정석-Room type-2day",
		"price": "1100000",
		"time": "2일",
		"validity": "30일"
	},
	{
		"product": "고정석-Room type-3day",
		"price": "1100000",
		"time": "3일",
		"validity": "30일"
	},
	{
		"product": "고정석-Room type-4day",
		"price": "1100000",
		"time": "4일",
		"validity": "30일"
	},
    {
		"product": "충전권-Room type-3hours",
		"price": "1100000",
		"time": "3시간",
		"validity": "30일"
	},
	{
		"product": "충전권-Room type-6hours",
		"price": "1100000",
		"time": "6시간",
		"validity": "30일"
	},
	{
		"product": "충전권-Room type-9hours",
		"price": "1100000",
		"time": "9시간",
		"validity": "30일"
	},
    {
		"product": "기간제-Room type-1days(자유석)",
		"price": "1100000",
		"time": "1일",
		"validity": "30일"
	},
    {
		"product": "기간제-Room type-2days(자유석)",
		"price": "1100000",
		"time": "2일",
		"validity": "30일"
	}
    

]
